https://www.ludwigmeister.de/produkte/flanschlagergehaeuse/52173	https://www.ludwigmeister.de/artikel/flanschlagergehaeuse/52173/fag-dreiloch-flanschlager-gehaeuse-grauguss-dreieckig-fuer-zylindrische-lager/206f11207-1144473
https://www.ludwigmeister.de/produkte/flanschlagergehaeuse/52173	https://www.ludwigmeister.de/artikel/flanschlagergehaeuse/52173/fag-dreiloch-flanschlager-gehaeuse-grauguss-dreieckig-fuer-zylindrische-lager/206f11208-1144474
https://www.ludwigmeister.de/produkte/flanschlagergehaeuse/52173	https://www.ludwigmeister.de/artikel/flanschlagergehaeuse/52173/fag-dreiloch-flanschlager-gehaeuse-grauguss-dreieckig-durchgehende-welle/206f511-b-l-1144616
https://www.ludwigmeister.de/produkte/flanschlagergehaeuse/52173	https://www.ludwigmeister.de/artikel/flanschlagergehaeuse/52173/skf-vierloch-flanschlager-gehaeuse-grauguss-viereckig-wellenende/200fnl-516-a-1552038
https://www.ludwigmeister.de/produkte/flanschlagergehaeuse/52173	https://www.ludwigmeister.de/artikel/flanschlagergehaeuse/52173/skf-dreiloch-flanschlager-gehaeuse-grauguss-dreieckig-durchgehende-welle/200fnl-508-b-1594505
https://www.ludwigmeister.de/produkte/flanschlagergehaeuse/52173	https://www.ludwigmeister.de/artikel/flanschlagergehaeuse/52173/fag-dreiloch-flanschlager-gehaeuse-grauguss-dreieckig-fuer-zylindrische-lager/206f11209-1144475
https://www.ludwigmeister.de/produkte/flanschlagergehaeuse/52173	https://www.ludwigmeister.de/artikel/flanschlagergehaeuse/52173/fag-dreiloch-flanschlager-gehaeuse-grauguss-dreieckig-fuer-zylindrische-lager/206f11206-1144472
https://www.ludwigmeister.de/produkte/flanschlagergehaeuse/52173	https://www.ludwigmeister.de/artikel/flanschlagergehaeuse/52173/fag-vierloch-flanschlager-gehaeuse-grauguss-viereckig-wellenende/206f516-a-l-1144626
https://www.ludwigmeister.de/produkte/flanschlagergehaeuse/52173	https://www.ludwigmeister.de/artikel/flanschlagergehaeuse/52173/skf-dreiloch-flanschlager-gehaeuse-grauguss-dreieckig-durchgehende-welle/200fnl-512-b-1594507
https://www.ludwigmeister.de/produkte/flanschlagergehaeuse/52173	https://www.ludwigmeister.de/artikel/flanschlagergehaeuse/52173/skf-vierloch-flanschlager-gehaeuse-grauguss-viereckig-wellenende/200fnl-518-a-1594510
https://www.ludwigmeister.de/produkte/flanschlagergehaeuse/52173	https://www.ludwigmeister.de/artikel/flanschlagergehaeuse/52173/skf-vierloch-flanschlager-gehaeuse-grauguss-viereckig-durchgehende-welle/200fnl-516-b-1578529
https://www.ludwigmeister.de/produkte/flanschlagergehaeuse/52173	https://www.ludwigmeister.de/artikel/flanschlagergehaeuse/52173/skf-dreiloch-flanschlager-gehaeuse-grauguss-dreieckig-wellenende/200fnl-507-a-1571562
https://www.ludwigmeister.de/produkte/flanschlagergehaeuse/52173	https://www.ludwigmeister.de/artikel/flanschlagergehaeuse/52173/fag-dreiloch-flanschlager-gehaeuse-grauguss-dreieckig-wellenende/206f513-a-l-1144621
https://www.ludwigmeister.de/produkte/flanschlagergehaeuse/52173	https://www.ludwigmeister.de/artikel/flanschlagergehaeuse/52173/fag-dreiloch-flanschlager-gehaeuse-grauguss-dreieckig-wellenende/206f511-a-l-1144556
https://www.ludwigmeister.de/produkte/flanschlagergehaeuse/52173	https://www.ludwigmeister.de/artikel/flanschlagergehaeuse/52173/skf-dreiloch-flanschlager-gehaeuse-grauguss-dreieckig-wellenende/200fnl-509-a-1545634
https://www.ludwigmeister.de/produkte/flanschlagergehaeuse/52173	https://www.ludwigmeister.de/artikel/flanschlagergehaeuse/52173/skf-dreiloch-flanschlager-gehaeuse-grauguss-dreieckig-durchgehende-welle/200fnl-507-b-1550066
https://www.ludwigmeister.de/produkte/flanschlagergehaeuse/52173	https://www.ludwigmeister.de/artikel/flanschlagergehaeuse/52173/skf-vierloch-flanschlager-gehaeuse-grauguss-viereckig-durchgehende-welle/200fnl-517-b-1594509
https://www.ludwigmeister.de/produkte/flanschlagergehaeuse/52173	https://www.ludwigmeister.de/artikel/flanschlagergehaeuse/52173/fag-dreiloch-flanschlager-gehaeuse-grauguss-dreieckig-durchgehende-welle/206f513-wb-l-1144623
https://www.ludwigmeister.de/produkte/flanschlagergehaeuse/52173	https://www.ludwigmeister.de/artikel/flanschlagergehaeuse/52173/skf-vierloch-flanschlager-gehaeuse-grauguss-viereckig-wellenende/200fnl-522-a-1594513
https://www.ludwigmeister.de/produkte/flanschlagergehaeuse/52173	https://www.ludwigmeister.de/artikel/flanschlagergehaeuse/52173/skf-vierloch-flanschlager-gehaeuse-grauguss-viereckig-wellenende/200fnl-515-a-1573245
https://www.ludwigmeister.de/produkte/flanschlagergehaeuse/52173	https://www.ludwigmeister.de/artikel/flanschlagergehaeuse/52173/skf-vierloch-flanschlager-gehaeuse-grauguss-viereckig-durchgehende-welle/200fnl-515-b-1552070
https://www.ludwigmeister.de/produkte/flanschlagergehaeuse/52173	https://www.ludwigmeister.de/artikel/flanschlagergehaeuse/52173/skf-dreiloch-flanschlager-gehaeuse-grauguss-dreieckig-durchgehende-welle/200fnl-509-b-1545713
https://www.ludwigmeister.de/produkte/flanschlagergehaeuse/52173	https://www.ludwigmeister.de/artikel/flanschlagergehaeuse/52173/skf-dreiloch-flanschlager-gehaeuse-grauguss-dreieckig-durchgehende-welle/200fnl-513-b-1485943
https://www.ludwigmeister.de/produkte/flanschlagergehaeuse/52173	https://www.ludwigmeister.de/artikel/flanschlagergehaeuse/52173/skf-vierloch-flanschlager-gehaeuse-grauguss-viereckig-durchgehende-welle/200fnl-518-b-1551189
https://www.ludwigmeister.de/produkte/flanschlagergehaeuse/52173	https://www.ludwigmeister.de/artikel/flanschlagergehaeuse/52173/skf-dreiloch-flanschlager-gehaeuse-grauguss-dreieckig-durchgehende-welle/200fnl-510-b-1497512
https://www.ludwigmeister.de/produkte/flanschlagergehaeuse/52173	https://www.ludwigmeister.de/artikel/flanschlagergehaeuse/52173/fag-dreiloch-flanschlager-gehaeuse-grauguss-dreieckig-durchgehende-welle/206f511-wb-l-1144618
https://www.ludwigmeister.de/produkte/flanschlagergehaeuse/52173	https://www.ludwigmeister.de/artikel/flanschlagergehaeuse/52173/skf-dreiloch-flanschlager-gehaeuse-grauguss-dreieckig-wellenende/200fnl-513-a-1485942
https://www.ludwigmeister.de/produkte/flanschlagergehaeuse/52173	https://www.ludwigmeister.de/artikel/flanschlagergehaeuse/52173/skf-dreiloch-flanschlager-gehaeuse-grauguss-dreieckig-durchgehende-welle/200fnl-511-b-1540569
https://www.ludwigmeister.de/produkte/flanschlagergehaeuse/52173	https://www.ludwigmeister.de/artikel/flanschlagergehaeuse/52173/skf-vierloch-flanschlager-gehaeuse-grauguss-viereckig-durchgehende-welle/200fnl-522-b-1594514
https://www.ludwigmeister.de/produkte/flanschlagergehaeuse/52173	https://www.ludwigmeister.de/artikel/flanschlagergehaeuse/52173/skf-dreiloch-flanschlager-gehaeuse-grauguss-dreieckig-wellenende/200fnl-510-a-1497513
https://www.ludwigmeister.de/produkte/flanschlagergehaeuse/52173	https://www.ludwigmeister.de/artikel/flanschlagergehaeuse/52173/skf-dreiloch-flanschlager-gehaeuse-grauguss-dreieckig-durchgehende-welle/200fnl-506-b-1594503
https://www.ludwigmeister.de/produkte/flanschlagergehaeuse/52173	https://www.ludwigmeister.de/artikel/flanschlagergehaeuse/52173/skf-vierloch-flanschlager-gehaeuse-grauguss-viereckig-durchgehende-welle/200fnl-520-b-1594512
https://www.ludwigmeister.de/produkte/flanschlagergehaeuse/52173	https://www.ludwigmeister.de/artikel/flanschlagergehaeuse/52173/skf-dreiloch-flanschlager-gehaeuse-grauguss-dreieckig-wellenende/200fnl-511-a-1485941
https://www.ludwigmeister.de/produkte/flanschlagergehaeuse/52173	https://www.ludwigmeister.de/artikel/flanschlagergehaeuse/52173/fag-vierloch-flanschlager-gehaeuse-grauguss-viereckig-durchgehende-welle/206f516-b-l-1144627
https://www.ludwigmeister.de/produkte/flanschlagergehaeuse/52173	https://www.ludwigmeister.de/artikel/flanschlagergehaeuse/52173/fag-dreiloch-flanschlager-gehaeuse-grauguss-dreieckig-durchgehende-welle/206f513-b-l-1144622
https://www.ludwigmeister.de/produkte/flanschlagergehaeuse/52173	https://www.ludwigmeister.de/artikel/flanschlagergehaeuse/52173/fag-dreiloch-flanschlager-gehaeuse-grauguss-dreieckig-fuer-zylindrische-lager/206f11210-1203437
https://www.ludwigmeister.de/produkte/gehaeusezubehoer/52162	https://www.ludwigmeister.de/artikel/gehaeusezubehoer/52162/skf-vierlippendichtung-fuer-stehlagergehaeuse/200tsn-518-l-1274561
https://www.ludwigmeister.de/produkte/gehaeusezubehoer/52162	https://www.ludwigmeister.de/artikel/gehaeusezubehoer/52162/skf-festringe/200frb-8-72-1007155
https://www.ludwigmeister.de/produkte/gehaeusezubehoer/52162	https://www.ludwigmeister.de/artikel/gehaeusezubehoer/52162/fag-enddeckel-fuer-stehlagergehaeuse/206dkv100-1215011
https://www.ludwigmeister.de/produkte/gehaeusezubehoer/52162	https://www.ludwigmeister.de/artikel/gehaeusezubehoer/52162/fag-enddeckel-fuer-stehlagergehaeuse/206dkv140-1147054
https://www.ludwigmeister.de/produkte/gehaeusezubehoer/52162	https://www.ludwigmeister.de/artikel/gehaeusezubehoer/52162/fag-enddeckel-fuer-stehlagergehaeuse/206dkv072-1147047
https://www.ludwigmeister.de/produkte/gehaeusezubehoer/52162	https://www.ludwigmeister.de/artikel/gehaeusezubehoer/52162/skf-festringe/200frb-95-100-1007089
https://www.ludwigmeister.de/produkte/gehaeusezubehoer/52162	https://www.ludwigmeister.de/artikel/gehaeusezubehoer/52162/fag-festringe/206frm180-10-1147287
https://www.ludwigmeister.de/produkte/gehaeusezubehoer/52162	https://www.ludwigmeister.de/artikel/gehaeusezubehoer/52162/skf-vierlippendichtung-fuer-stehlagergehaeuse/200tsn-218-l-1936257
https://www.ludwigmeister.de/produkte/gehaeusezubehoer/52162	https://www.ludwigmeister.de/artikel/gehaeusezubehoer/52162/fag-festringe/206frm120-14-1147203
https://www.ludwigmeister.de/produkte/gehaeusezubehoer/52162	https://www.ludwigmeister.de/artikel/gehaeusezubehoer/52162/skf-filzdichtung-fuer-stehlagergehaeuse/200tsn-509-c-1006609
https://www.ludwigmeister.de/produkte/gehaeusezubehoer/52162	https://www.ludwigmeister.de/artikel/gehaeusezubehoer/52162/skf-enddeckel-fuer-stehlagergehaeuse/200asnh-511-609-1007424
https://www.ludwigmeister.de/produkte/gehaeusezubehoer/52162	https://www.ludwigmeister.de/artikel/gehaeusezubehoer/52162/fag-festringe/206frm100-9-5-1147134
https://www.ludwigmeister.de/produkte/gehaeusezubehoer/52162	https://www.ludwigmeister.de/artikel/gehaeusezubehoer/52162/skf-vierlippendichtung-fuer-stehlagergehaeuse/200tsn-516-l-1274665
https://www.ludwigmeister.de/produkte/gehaeusezubehoer/52162	https://www.ludwigmeister.de/artikel/gehaeusezubehoer/52162/skf-v-ringdichtung-fuer-stehlagergehaeuse/200tsn-309-a-1006454
https://www.ludwigmeister.de/produkte/gehaeusezubehoer/52162	https://www.ludwigmeister.de/artikel/gehaeusezubehoer/52162/skf-vierlippendichtung-fuer-stehlagergehaeuse/200tsn-509-l-1274547
https://www.ludwigmeister.de/produkte/gehaeusezubehoer/52162	https://www.ludwigmeister.de/artikel/gehaeusezubehoer/52162/skf-filzdichtung-fuer-stehlagergehaeuse/200tsn-608-c-1007138
https://www.ludwigmeister.de/produkte/gehaeusezubehoer/52162	https://www.ludwigmeister.de/artikel/gehaeusezubehoer/52162/skf-filzstreifen/200fs-180-1006933
https://www.ludwigmeister.de/produkte/gehaeusezubehoer/52162	https://www.ludwigmeister.de/artikel/gehaeusezubehoer/52162/skf-filzdichtung-fuer-stehlagergehaeuse/200tsn-510-c-1185314
https://www.ludwigmeister.de/produkte/gehaeusezubehoer/52162	https://www.ludwigmeister.de/artikel/gehaeusezubehoer/52162/skf-festringe/200frb-10-140-1006378
https://www.ludwigmeister.de/produkte/gehaeusezubehoer/52162	https://www.ludwigmeister.de/artikel/gehaeusezubehoer/52162/skf-festringe/200frb-125-140-1007368
https://www.ludwigmeister.de/produkte/gehaeusezubehoer/52162	https://www.ludwigmeister.de/artikel/gehaeusezubehoer/52162/skf-v-ringdichtung-fuer-stehlagergehaeuse/200tsn-520-a-1006992
https://www.ludwigmeister.de/produkte/gehaeusezubehoer/52162	https://www.ludwigmeister.de/artikel/gehaeusezubehoer/52162/skf-filzdichtung-fuer-stehlagergehaeuse/200tsn-508-c-1006605
https://www.ludwigmeister.de/produkte/gehaeusezubehoer/52162	https://www.ludwigmeister.de/artikel/gehaeusezubehoer/52162/skf-festringe/200frb-4-120-1006703
https://www.ludwigmeister.de/produkte/gehaeusezubehoer/52162	https://www.ludwigmeister.de/artikel/gehaeusezubehoer/52162/skf-filzdichtung-fuer-stehlagergehaeuse/200tsn-609-c-1007137
https://www.ludwigmeister.de/produkte/gehaeusezubehoer/52162	https://www.ludwigmeister.de/artikel/gehaeusezubehoer/52162/skf-filzstreifen/200fs-460-1006927
https://www.ludwigmeister.de/produkte/gehaeusezubehoer/52162	https://www.ludwigmeister.de/artikel/gehaeusezubehoer/52162/skf-v-ringdichtung-fuer-stehlagergehaeuse/200tsn-609-a-1107841
https://www.ludwigmeister.de/produkte/gehaeusezubehoer/52162	https://www.ludwigmeister.de/artikel/gehaeusezubehoer/52162/skf-festringe/200frb-55-85-1006697
https://www.ludwigmeister.de/produkte/gehaeusezubehoer/52162	https://www.ludwigmeister.de/artikel/gehaeusezubehoer/52162/fag-festringe/206frm130-15-5-1215316
https://www.ludwigmeister.de/produkte/gehaeusezubehoer/52162	https://www.ludwigmeister.de/artikel/gehaeusezubehoer/52162/skf-festringe/200frb-35-85-1006696
https://www.ludwigmeister.de/produkte/gehaeusezubehoer/52162	https://www.ludwigmeister.de/artikel/gehaeusezubehoer/52162/skf-v-ringdichtung-fuer-stehlagergehaeuse/200tsn-312-a-1006745
https://www.ludwigmeister.de/produkte/gehaeusezubehoer/52162	https://www.ludwigmeister.de/artikel/gehaeusezubehoer/52162/skf-enddeckel-fuer-stehlagergehaeuse/200asnh-509-1007422
https://www.ludwigmeister.de/produkte/gehaeusezubehoer/52162	https://www.ludwigmeister.de/artikel/gehaeusezubehoer/52162/skf-festringe/200frb-85-72-1007156
https://www.ludwigmeister.de/produkte/gehaeusezubehoer/52162	https://www.ludwigmeister.de/artikel/gehaeusezubehoer/52162/skf-festringe/200frb-105-90-1006372
https://www.ludwigmeister.de/produkte/gehaeusezubehoer/52162	https://www.ludwigmeister.de/artikel/gehaeusezubehoer/52162/skf-enddeckel-fuer-stehlagergehaeuse/200asnh-528-1007269
https://www.ludwigmeister.de/produkte/gehaeusezubehoer/52162	https://www.ludwigmeister.de/artikel/gehaeusezubehoer/52162/skf-vierlippendichtung-fuer-stehlagergehaeuse/200tsn-515-l-1277250
https://www.ludwigmeister.de/produkte/gehaeusezubehoer/52162	https://www.ludwigmeister.de/artikel/gehaeusezubehoer/52162/skf-v-ringdichtung-fuer-stehlagergehaeuse/200tsn-532-a-1107838
https://www.ludwigmeister.de/produkte/gehaeusezubehoer/52162	https://www.ludwigmeister.de/artikel/gehaeusezubehoer/52162/skf-v-ringdichtung-fuer-stehlagergehaeuse/200tsn-222-a-1006448
https://www.ludwigmeister.de/produkte/gehaeusezubehoer/52162	https://www.ludwigmeister.de/artikel/gehaeusezubehoer/52162/skf-filzdichtung-fuer-stehlagergehaeuse/200tsn-507-c-1130566
https://www.ludwigmeister.de/produkte/gehaeusezubehoer/52162	https://www.ludwigmeister.de/artikel/gehaeusezubehoer/52162/fag-festringe/206frm80-10-5-1147452
https://www.ludwigmeister.de/produkte/gehaeusezubehoer/52162	https://www.ludwigmeister.de/artikel/gehaeusezubehoer/52162/skf-vierlippendichtung-fuer-stehlagergehaeuse/200tsn-508-l-1369498
https://www.ludwigmeister.de/produkte/gehaeusezubehoer/52162	https://www.ludwigmeister.de/artikel/gehaeusezubehoer/52162/skf-v-ringdichtung-fuer-stehlagergehaeuse/200tsn-306-a-1006518
https://www.ludwigmeister.de/produkte/gehaeusezubehoer/52162	https://www.ludwigmeister.de/artikel/gehaeusezubehoer/52162/skf-filzdichtung-fuer-stehlagergehaeuse/200tsn-518-c-1007053
https://www.ludwigmeister.de/produkte/gehaeusezubehoer/52162	https://www.ludwigmeister.de/artikel/gehaeusezubehoer/52162/skf-festringe/200frb-4-100-1185317
https://www.ludwigmeister.de/produkte/gehaeusezubehoer/52162	https://www.ludwigmeister.de/artikel/gehaeusezubehoer/52162/skf-enddeckel-fuer-stehlagergehaeuse/200asnh-524-620-1007267
https://www.ludwigmeister.de/produkte/gehaeusezubehoer/52162	https://www.ludwigmeister.de/artikel/gehaeusezubehoer/52162/skf-filzstreifen/200fs-110-1006936
https://www.ludwigmeister.de/produkte/gehaeusezubehoer/52162	https://www.ludwigmeister.de/artikel/gehaeusezubehoer/52162/skf-festringe/200frb-10-280-1006777
https://www.ludwigmeister.de/produkte/gehaeusezubehoer/52162	https://www.ludwigmeister.de/artikel/gehaeusezubehoer/52162/fag-festringe/206frm120-10-1147138
https://www.ludwigmeister.de/produkte/gehaeusezubehoer/52162	https://www.ludwigmeister.de/artikel/gehaeusezubehoer/52162/skf-vierlippendichtung-fuer-stehlagergehaeuse/200tsn-519-l-1369496
https://www.ludwigmeister.de/produkte/gehaeusezubehoer/52162	https://www.ludwigmeister.de/artikel/gehaeusezubehoer/52162/skf-festringe/200frb-5-215-1006690
https://www.ludwigmeister.de/produkte/gehaeusezubehoer/52162	https://www.ludwigmeister.de/artikel/gehaeusezubehoer/52162/skf-labyrinthdichtung-fuer-stehlagergehaeuse/200tsn-513-s-1007067
https://www.ludwigmeister.de/produkte/gehaeusezubehoer/52162	https://www.ludwigmeister.de/artikel/gehaeusezubehoer/52162/skf-vierlippendichtung-fuer-stehlagergehaeuse/200tsn-510-l-1274171
https://www.ludwigmeister.de/produkte/gehaeusezubehoer/52162	https://www.ludwigmeister.de/artikel/gehaeusezubehoer/52162/skf-v-ringdichtung-fuer-stehlagergehaeuse/200tsn-218-a-1006444
https://www.ludwigmeister.de/produkte/gehaeusezubehoer/52162	https://www.ludwigmeister.de/artikel/gehaeusezubehoer/52162/fag-festringe/206frm110-10-1215023
https://www.ludwigmeister.de/produkte/gehaeusezubehoer/52162	https://www.ludwigmeister.de/artikel/gehaeusezubehoer/52162/skf-filzdichtung-fuer-stehlagergehaeuse/200tsn-506-c-1006823
https://www.ludwigmeister.de/produkte/gehaeusezubehoer/52162	https://www.ludwigmeister.de/artikel/gehaeusezubehoer/52162/skf-festringe/200frb-115-100-1006919
https://www.ludwigmeister.de/produkte/gehaeusezubehoer/52162	https://www.ludwigmeister.de/artikel/gehaeusezubehoer/52162/skf-filzdichtung-fuer-stehlagergehaeuse/200tsn-511-c-1006674
https://www.ludwigmeister.de/produkte/gehaeusezubehoer/52162	https://www.ludwigmeister.de/artikel/gehaeusezubehoer/52162/skf-v-ringdichtung-fuer-stehlagergehaeuse/200tsn-613-a-1006987
https://www.ludwigmeister.de/produkte/gehaeusezubehoer/52162	https://www.ludwigmeister.de/artikel/gehaeusezubehoer/52162/skf-festringe/200frb-18-180-1006614
https://www.ludwigmeister.de/produkte/gehaeusezubehoer/52162	https://www.ludwigmeister.de/artikel/gehaeusezubehoer/52162/skf-festringe/200frb-12-180-1006850
https://www.ludwigmeister.de/produkte/gehaeusezubehoer/52162	https://www.ludwigmeister.de/artikel/gehaeusezubehoer/52162/skf-festringe/200frb-5-52-1006685
https://www.ludwigmeister.de/produkte/gehaeusezubehoer/52162	https://www.ludwigmeister.de/artikel/gehaeusezubehoer/52162/skf-enddeckel-fuer-stehlagergehaeuse/200asnh-507-606-1007420
https://www.ludwigmeister.de/produkte/gehaeusezubehoer/52162	https://www.ludwigmeister.de/artikel/gehaeusezubehoer/52162/skf-v-ringdichtung-fuer-stehlagergehaeuse/200tsn-506-a-1006761
https://www.ludwigmeister.de/produkte/gehaeusezubehoer/52162	https://www.ludwigmeister.de/artikel/gehaeusezubehoer/52162/fag-festringe/206frm140-16-1147212
https://www.ludwigmeister.de/produkte/gehaeusezubehoer/52162	https://www.ludwigmeister.de/artikel/gehaeusezubehoer/52162/fag-enddeckel-fuer-stehlagergehaeuse/206dkv120-1147052
https://www.ludwigmeister.de/produkte/gehaeusezubehoer/52162	https://www.ludwigmeister.de/artikel/gehaeusezubehoer/52162/skf-filzdichtung-fuer-stehlagergehaeuse/200tsn-522-c-1007140
https://www.ludwigmeister.de/produkte/gehaeusezubehoer/52162	https://www.ludwigmeister.de/artikel/gehaeusezubehoer/52162/skf-festringe/200frb-13-110-1006849
https://www.ludwigmeister.de/produkte/gehaeusezubehoer/52162	https://www.ludwigmeister.de/artikel/gehaeusezubehoer/52162/fag-festringe/206fe100-2-1147123
https://www.ludwigmeister.de/produkte/gehaeusezubehoer/52162	https://www.ludwigmeister.de/artikel/gehaeusezubehoer/52162/skf-v-ringdichtung-fuer-stehlagergehaeuse/200tsn-612-a-1007131
https://www.ludwigmeister.de/produkte/gehaeusezubehoer/52162	https://www.ludwigmeister.de/artikel/gehaeusezubehoer/52162/skf-enddeckel-fuer-stehlagergehaeuse/200asnh-519-616-1007264
https://www.ludwigmeister.de/produkte/gehaeusezubehoer/52162	https://www.ludwigmeister.de/artikel/gehaeusezubehoer/52162/skf-vierlippendichtung-fuer-stehlagergehaeuse/200tsn-524-l-1851309
https://www.ludwigmeister.de/produkte/gehaeusezubehoer/52162	https://www.ludwigmeister.de/artikel/gehaeusezubehoer/52162/skf-festringe/200frb-5-130-1006629
https://www.ludwigmeister.de/produkte/gehaeusezubehoer/52162	https://www.ludwigmeister.de/artikel/gehaeusezubehoer/52162/skf-v-ringdichtung-fuer-stehlagergehaeuse/200tsn-215-a-1006599
https://www.ludwigmeister.de/produkte/gehaeusezubehoer/52162	https://www.ludwigmeister.de/artikel/gehaeusezubehoer/52162/skf-festringe/200frb-9-90-1007083
https://www.ludwigmeister.de/produkte/gehaeusezubehoer/52162	https://www.ludwigmeister.de/artikel/gehaeusezubehoer/52162/skf-festringe/200frb-10-300-1006775
https://www.ludwigmeister.de/produkte/gehaeusezubehoer/52162	https://www.ludwigmeister.de/artikel/gehaeusezubehoer/52162/skf-vierlippendichtung-fuer-stehlagergehaeuse/200tsn-609-l-1946887
https://www.ludwigmeister.de/produkte/gehaeusezubehoer/52162	https://www.ludwigmeister.de/artikel/gehaeusezubehoer/52162/skf-v-ringdichtung-fuer-stehlagergehaeuse/200tsn-314-a-1006749
https://www.ludwigmeister.de/produkte/gehaeusezubehoer/52162	https://www.ludwigmeister.de/artikel/gehaeusezubehoer/52162/skf-festringe/200frb-85-140-1007075
https://www.ludwigmeister.de/produkte/gehaeusezubehoer/52162	https://www.ludwigmeister.de/artikel/gehaeusezubehoer/52162/skf-v-ringdichtung-fuer-stehlagergehaeuse/200tsn-208-a-1006595
https://www.ludwigmeister.de/produkte/gehaeusezubehoer/52162	https://www.ludwigmeister.de/artikel/gehaeusezubehoer/52162/skf-filzstreifen/200fs-510-1185582
https://www.ludwigmeister.de/produkte/gehaeusezubehoer/52162	https://www.ludwigmeister.de/artikel/gehaeusezubehoer/52162/fag-festringe/206frm180-12-1147288
https://www.ludwigmeister.de/produkte/gehaeusezubehoer/52162	https://www.ludwigmeister.de/artikel/gehaeusezubehoer/52162/fag-enddeckel-fuer-stehlagergehaeuse/206dkv110-1147051
https://www.ludwigmeister.de/produkte/gehaeusezubehoer/52162	https://www.ludwigmeister.de/artikel/gehaeusezubehoer/52162/skf-enddeckel-fuer-stehlagergehaeuse/200asnh-516-613-1007275
https://www.ludwigmeister.de/produkte/gehaeusezubehoer/52162	https://www.ludwigmeister.de/artikel/gehaeusezubehoer/52162/skf-labyrinthdichtung-fuer-stehlagergehaeuse/200tsn-517-s-1007055
https://www.ludwigmeister.de/produkte/gehaeusezubehoer/52162	https://www.ludwigmeister.de/artikel/gehaeusezubehoer/52162/skf-enddeckel-fuer-stehlagergehaeuse/200asnh-515-612-1007426
https://www.ludwigmeister.de/produkte/gehaeusezubehoer/52162	https://www.ludwigmeister.de/artikel/gehaeusezubehoer/52162/fag-enddeckel-fuer-stehlagergehaeuse/206dkv080-1147048
https://www.ludwigmeister.de/produkte/gehaeusezubehoer/52162	https://www.ludwigmeister.de/artikel/gehaeusezubehoer/52162/skf-festringe/200frb-9-80-1007085
https://www.ludwigmeister.de/produkte/gehaeusezubehoer/52162	https://www.ludwigmeister.de/artikel/gehaeusezubehoer/52162/fag-festringe/206frm85-4-1147455
https://www.ludwigmeister.de/produkte/gehaeusezubehoer/52162	https://www.ludwigmeister.de/artikel/gehaeusezubehoer/52162/fag-festringe/206frm190-15-5-1147292
https://www.ludwigmeister.de/produkte/gehaeusezubehoer/52162	https://www.ludwigmeister.de/artikel/gehaeusezubehoer/52162/skf-festringe/200frb-35-72-1006997
https://www.ludwigmeister.de/produkte/gehaeusezubehoer/52162	https://www.ludwigmeister.de/artikel/gehaeusezubehoer/52162/skf-v-ringdichtung-fuer-stehlagergehaeuse/200tsn-513-a-1006844
https://www.ludwigmeister.de/produkte/gehaeusezubehoer/52162	https://www.ludwigmeister.de/artikel/gehaeusezubehoer/52162/skf-v-ringdichtung-fuer-stehlagergehaeuse/200tsn-516-a-1007062
https://www.ludwigmeister.de/produkte/gehaeusezubehoer/52162	https://www.ludwigmeister.de/artikel/gehaeusezubehoer/52162/skf-v-ringdichtung-fuer-stehlagergehaeuse/200tsn-209-a-1476016
https://www.ludwigmeister.de/produkte/gehaeusezubehoer/52162	https://www.ludwigmeister.de/artikel/gehaeusezubehoer/52162/skf-labyrinthdichtung-fuer-stehlagergehaeuse/200tsn-528-s-1007144
https://www.ludwigmeister.de/produkte/gehaeusezubehoer/52162	https://www.ludwigmeister.de/artikel/gehaeusezubehoer/52162/skf-enddeckel-fuer-stehlagergehaeuse/200asnh-518-615-1007356
https://www.ludwigmeister.de/produkte/gehaeusezubehoer/52162	https://www.ludwigmeister.de/artikel/gehaeusezubehoer/52162/skf-v-ringdichtung-fuer-stehlagergehaeuse/200tsn-511-a-1006673
https://www.ludwigmeister.de/produkte/gehaeusezubehoer/52162	https://www.ludwigmeister.de/artikel/gehaeusezubehoer/52162/skf-vierlippendichtung-fuer-stehlagergehaeuse/200tsn-611-l-1832191
https://www.ludwigmeister.de/produkte/gehaeusezubehoer/52162	https://www.ludwigmeister.de/artikel/gehaeusezubehoer/52162/skf-vierlippendichtung-fuer-stehlagergehaeuse/200tsn-226-l-1894682
https://www.ludwigmeister.de/produkte/gehaeusezubehoer/52162	https://www.ludwigmeister.de/artikel/gehaeusezubehoer/52162/skf-festringe/200frb-10-160-1183172
https://www.ludwigmeister.de/produkte/gehaeusezubehoer/52162	https://www.ludwigmeister.de/artikel/gehaeusezubehoer/52162/skf-filzdichtung-fuer-stehlagergehaeuse/200tsn-613-c-1006902
https://www.ludwigmeister.de/produkte/gehaeusezubehoer/52162	https://www.ludwigmeister.de/artikel/gehaeusezubehoer/52162/skf-filzstreifen/200fs-170-1006934
https://www.ludwigmeister.de/produkte/gehaeusezubehoer/52162	https://www.ludwigmeister.de/artikel/gehaeusezubehoer/52162/skf-v-ringdichtung-fuer-stehlagergehaeuse/200tsn-220-a-1006446
https://www.ludwigmeister.de/produkte/gehaeusezubehoer/52162	https://www.ludwigmeister.de/artikel/gehaeusezubehoer/52162/skf-festringe/200frb-14-215-1006624
https://www.ludwigmeister.de/produkte/gehaeusezubehoer/52162	https://www.ludwigmeister.de/artikel/gehaeusezubehoer/52162/skf-festringe/200frb-175-160-1006628
https://www.ludwigmeister.de/produkte/gehaeusezubehoer/52162	https://www.ludwigmeister.de/artikel/gehaeusezubehoer/52162/skf-filzdichtung-fuer-stehlagergehaeuse/200tsn-515-c-1007065
https://www.ludwigmeister.de/produkte/gehaeusezubehoer/52162	https://www.ludwigmeister.de/artikel/gehaeusezubehoer/52162/skf-filzstreifen/200fs-260-1006931
https://www.ludwigmeister.de/produkte/gehaeusezubehoer/52162	https://www.ludwigmeister.de/artikel/gehaeusezubehoer/52162/skf-festringe/200frb-165-270-1006552
https://www.ludwigmeister.de/produkte/gehaeusezubehoer/52162	https://www.ludwigmeister.de/artikel/gehaeusezubehoer/52162/skf-v-ringdichtung-fuer-stehlagergehaeuse/200tsn-515-a-1007066
https://www.ludwigmeister.de/produkte/gehaeusezubehoer/52162	https://www.ludwigmeister.de/artikel/gehaeusezubehoer/52162/skf-vierlippendichtung-fuer-stehlagergehaeuse/200tsn-511-l-1274187
https://www.ludwigmeister.de/produkte/gehaeusezubehoer/52162	https://www.ludwigmeister.de/artikel/gehaeusezubehoer/52162/skf-v-ringdichtung-fuer-stehlagergehaeuse/200tsn-608-a-1007350
https://www.ludwigmeister.de/produkte/gehaeusezubehoer/52162	https://www.ludwigmeister.de/artikel/gehaeusezubehoer/52162/skf-v-ringdichtung-fuer-stehlagergehaeuse/200tsn-611-a-1006729
https://www.ludwigmeister.de/produkte/gehaeusezubehoer/52162	https://www.ludwigmeister.de/artikel/gehaeusezubehoer/52162/skf-vierlippendichtung-fuer-stehlagergehaeuse/200tsn-530-l-1947539
https://www.ludwigmeister.de/produkte/gehaeusezubehoer/52162	https://www.ludwigmeister.de/artikel/gehaeusezubehoer/52162/skf-festringe/200frb-8-110-1007154
https://www.ludwigmeister.de/produkte/gehaeusezubehoer/52162	https://www.ludwigmeister.de/artikel/gehaeusezubehoer/52162/skf-v-ringdichtung-fuer-stehlagergehaeuse/200tsn-310-a-1006682
https://www.ludwigmeister.de/produkte/gehaeusezubehoer/52162	https://www.ludwigmeister.de/artikel/gehaeusezubehoer/52162/skf-festringe/200frb-4-80-1006701
https://www.ludwigmeister.de/produkte/gehaeusezubehoer/52162	https://www.ludwigmeister.de/artikel/gehaeusezubehoer/52162/skf-vierlippendichtung-fuer-stehlagergehaeuse/200tsn-617-l-1007008
https://www.ludwigmeister.de/produkte/gehaeusezubehoer/52162	https://www.ludwigmeister.de/artikel/gehaeusezubehoer/52162/skf-festringe/200frb-5-170-1006692
https://www.ludwigmeister.de/produkte/gehaeusezubehoer/52162	https://www.ludwigmeister.de/artikel/gehaeusezubehoer/52162/skf-festringe/200frb-5-140-1006695
https://www.ludwigmeister.de/produkte/gehaeusezubehoer/52162	https://www.ludwigmeister.de/artikel/gehaeusezubehoer/52162/skf-festringe/200frb-10-130-1006377
https://www.ludwigmeister.de/produkte/gehaeusezubehoer/52162	https://www.ludwigmeister.de/artikel/gehaeusezubehoer/52162/skf-vierlippendichtung-fuer-stehlagergehaeuse/200tsn-532-l-1007430
https://www.ludwigmeister.de/produkte/gehaeusezubehoer/52162	https://www.ludwigmeister.de/artikel/gehaeusezubehoer/52162/skf-filzdichtung-fuer-stehlagergehaeuse/200tsn-524-c-1007209
https://www.ludwigmeister.de/produkte/gehaeusezubehoer/52162	https://www.ludwigmeister.de/artikel/gehaeusezubehoer/52162/skf-enddeckel-fuer-stehlagergehaeuse/200asnh-506-605-1007419
https://www.ludwigmeister.de/produkte/gehaeusezubehoer/52162	https://www.ludwigmeister.de/artikel/gehaeusezubehoer/52162/skf-vierlippendichtung-fuer-stehlagergehaeuse/200tsn-512-l-1274649
https://www.ludwigmeister.de/produkte/gehaeusezubehoer/52162	https://www.ludwigmeister.de/artikel/gehaeusezubehoer/52162/skf-festringe/200frb-15-250-1006622
https://www.ludwigmeister.de/produkte/gehaeusezubehoer/52162	https://www.ludwigmeister.de/artikel/gehaeusezubehoer/52162/skf-festringe/200frb-16-140-1006619
https://www.ludwigmeister.de/produkte/gehaeusezubehoer/52162	https://www.ludwigmeister.de/artikel/gehaeusezubehoer/52162/skf-festringe/200frb-135-200-1241746
https://www.ludwigmeister.de/produkte/gehaeusezubehoer/52162	https://www.ludwigmeister.de/artikel/gehaeusezubehoer/52162/skf-v-ringdichtung-fuer-stehlagergehaeuse/200tsn-616-a-1106361
https://www.ludwigmeister.de/produkte/gehaeusezubehoer/52162	https://www.ludwigmeister.de/artikel/gehaeusezubehoer/52162/skf-v-ringdichtung-fuer-stehlagergehaeuse/200tsn-522-a-1006990
https://www.ludwigmeister.de/produkte/gehaeusezubehoer/52162	https://www.ludwigmeister.de/artikel/gehaeusezubehoer/52162/skf-enddeckel-fuer-stehlagergehaeuse/200asnh-520-617-1007265
https://www.ludwigmeister.de/produkte/gehaeusezubehoer/52162	https://www.ludwigmeister.de/artikel/gehaeusezubehoer/52162/skf-filzdichtung-fuer-stehlagergehaeuse/200tsn-610-c-1007135
https://www.ludwigmeister.de/produkte/gehaeusezubehoer/52162	https://www.ludwigmeister.de/artikel/gehaeusezubehoer/52162/skf-festringe/200frb-5-230-1006689
https://www.ludwigmeister.de/produkte/gehaeusezubehoer/52162	https://www.ludwigmeister.de/artikel/gehaeusezubehoer/52162/skf-vierlippendichtung-fuer-stehlagergehaeuse/200tsn-513-l-1273696
https://www.ludwigmeister.de/produkte/gehaeusezubehoer/52162	https://www.ludwigmeister.de/artikel/gehaeusezubehoer/52162/skf-festringe/200frb-11-120-1006859
https://www.ludwigmeister.de/produkte/gehaeusezubehoer/52162	https://www.ludwigmeister.de/artikel/gehaeusezubehoer/52162/skf-v-ringdichtung-fuer-stehlagergehaeuse/200tsn-510-a-1006669
https://www.ludwigmeister.de/produkte/gehaeusezubehoer/52162	https://www.ludwigmeister.de/artikel/gehaeusezubehoer/52162/skf-festringe/200frb-125-150-1006854
https://www.ludwigmeister.de/produkte/gehaeusezubehoer/52162	https://www.ludwigmeister.de/artikel/gehaeusezubehoer/52162/skf-festringe/200frb-10-200-1006842
https://www.ludwigmeister.de/produkte/gehaeusezubehoer/52162	https://www.ludwigmeister.de/artikel/gehaeusezubehoer/52162/skf-festringe/200frb-105-110-1006442
https://www.ludwigmeister.de/produkte/gehaeusezubehoer/52162	https://www.ludwigmeister.de/artikel/gehaeusezubehoer/52162/skf-festringe/200frb-125-160-1006906
https://www.ludwigmeister.de/produkte/gehaeusezubehoer/52162	https://www.ludwigmeister.de/artikel/gehaeusezubehoer/52162/skf-festringe/200frb-4-90-1006700
https://www.ludwigmeister.de/produkte/gehaeusezubehoer/52162	https://www.ludwigmeister.de/artikel/gehaeusezubehoer/52162/skf-filzstreifen/200fs-370-1006937
https://www.ludwigmeister.de/produkte/gehaeusezubehoer/52162	https://www.ludwigmeister.de/artikel/gehaeusezubehoer/52162/skf-v-ringdichtung-fuer-stehlagergehaeuse/200tsn-216-a-1006600
https://www.ludwigmeister.de/produkte/gehaeusezubehoer/52162	https://www.ludwigmeister.de/artikel/gehaeusezubehoer/52162/skf-filzstreifen/200fs-300-1006923
https://www.ludwigmeister.de/produkte/gehaeusezubehoer/52162	https://www.ludwigmeister.de/artikel/gehaeusezubehoer/52162/skf-festringe/200frb-14-120-1006626
https://www.ludwigmeister.de/produkte/gehaeusezubehoer/52162	https://www.ludwigmeister.de/artikel/gehaeusezubehoer/52162/skf-filzdichtung-fuer-stehlagergehaeuse/200tsn-513-c-1007068
https://www.ludwigmeister.de/produkte/gehaeusezubehoer/52162	https://www.ludwigmeister.de/artikel/gehaeusezubehoer/52162/skf-festringe/200frb-8-85-1007147
https://www.ludwigmeister.de/produkte/gehaeusezubehoer/52162	https://www.ludwigmeister.de/artikel/gehaeusezubehoer/52162/fag-enddeckel-fuer-stehlagergehaeuse/206dkv085-1147049
https://www.ludwigmeister.de/produkte/gehaeusezubehoer/52162	https://www.ludwigmeister.de/artikel/gehaeusezubehoer/52162/skf-vierlippendichtung-fuer-stehlagergehaeuse/200tsn-522-l-1329033
https://www.ludwigmeister.de/produkte/gehaeusezubehoer/52162	https://www.ludwigmeister.de/artikel/gehaeusezubehoer/52162/skf-filzdichtung-fuer-stehlagergehaeuse/200tsn-526-c-1007207
https://www.ludwigmeister.de/produkte/gehaeusezubehoer/52162	https://www.ludwigmeister.de/artikel/gehaeusezubehoer/52162/skf-enddeckel-fuer-stehlagergehaeuse/200asnh-216-1007428
https://www.ludwigmeister.de/produkte/gehaeusezubehoer/52162	https://www.ludwigmeister.de/artikel/gehaeusezubehoer/52162/skf-v-ringdichtung-fuer-stehlagergehaeuse/200tsn-508-a-1006604
https://www.ludwigmeister.de/produkte/gehaeusezubehoer/52162	https://www.ludwigmeister.de/artikel/gehaeusezubehoer/52162/skf-vierlippendichtung-fuer-stehlagergehaeuse/200tsn-520-l-1308551
https://www.ludwigmeister.de/produkte/gehaeusezubehoer/52162	https://www.ludwigmeister.de/artikel/gehaeusezubehoer/52162/skf-vierlippendichtung-fuer-stehlagergehaeuse/200tsn-613-l-1946889
https://www.ludwigmeister.de/produkte/gehaeusezubehoer/52162	https://www.ludwigmeister.de/artikel/gehaeusezubehoer/52162/skf-vierlippendichtung-fuer-stehlagergehaeuse/200tsn-526-l-1007206
https://www.ludwigmeister.de/produkte/gehaeusezubehoer/52162	https://www.ludwigmeister.de/artikel/gehaeusezubehoer/52162/skf-vierlippendichtung-fuer-stehlagergehaeuse/200tsn-616-l-1942626
https://www.ludwigmeister.de/produkte/gehaeusezubehoer/52162	https://www.ludwigmeister.de/artikel/gehaeusezubehoer/52162/skf-vierlippendichtung-fuer-stehlagergehaeuse/200tsn-610-l-1850259
https://www.ludwigmeister.de/produkte/gehaeusezubehoer/52162	https://www.ludwigmeister.de/artikel/gehaeusezubehoer/52162/skf-festringe/200frb-145-180-1006627
https://www.ludwigmeister.de/produkte/gehaeusezubehoer/52162	https://www.ludwigmeister.de/artikel/gehaeusezubehoer/52162/skf-festringe/200frb-8-62-1007150
https://www.ludwigmeister.de/produkte/gehaeusezubehoer/52162	https://www.ludwigmeister.de/artikel/gehaeusezubehoer/52162/fag-festringe/206frm140-12-5-1147211
https://www.ludwigmeister.de/produkte/gehaeusezubehoer/52162	https://www.ludwigmeister.de/artikel/gehaeusezubehoer/52162/skf-festringe/200frb-485-180-1006845
https://www.ludwigmeister.de/produkte/gehaeusezubehoer/52162	https://www.ludwigmeister.de/artikel/gehaeusezubehoer/52162/skf-festringe/200frb-8-100-1007149
https://www.ludwigmeister.de/produkte/gehaeusezubehoer/52162	https://www.ludwigmeister.de/artikel/gehaeusezubehoer/52162/skf-festringe/200frb-5-160-1006693
https://www.ludwigmeister.de/produkte/gehaeusezubehoer/52162	https://www.ludwigmeister.de/artikel/gehaeusezubehoer/52162/skf-festringe/200frb-10-150-1006379
https://www.ludwigmeister.de/produkte/gehaeusezubehoer/52162	https://www.ludwigmeister.de/artikel/gehaeusezubehoer/52162/skf-v-ringdichtung-fuer-stehlagergehaeuse/200tsn-315-a-1241745
https://www.ludwigmeister.de/produkte/gehaeusezubehoer/52162	https://www.ludwigmeister.de/artikel/gehaeusezubehoer/52162/fag-festringe/206frm130-10-1147206
https://www.ludwigmeister.de/produkte/gehaeusezubehoer/52162	https://www.ludwigmeister.de/artikel/gehaeusezubehoer/52162/skf-festringe/200frb-65-215-1007082
https://www.ludwigmeister.de/produkte/gehaeusezubehoer/52162	https://www.ludwigmeister.de/artikel/gehaeusezubehoer/52162/skf-v-ringdichtung-fuer-stehlagergehaeuse/200tsn-610-a-1246814
https://www.ludwigmeister.de/produkte/gehaeusezubehoer/52162	https://www.ludwigmeister.de/artikel/gehaeusezubehoer/52162/skf-festringe/200frb-10-320-1006774
https://www.ludwigmeister.de/produkte/gehaeusezubehoer/52162	https://www.ludwigmeister.de/artikel/gehaeusezubehoer/52162/skf-festringe/200frb-51-200-1006699
https://www.ludwigmeister.de/produkte/gehaeusezubehoer/52162	https://www.ludwigmeister.de/artikel/gehaeusezubehoer/52162/skf-vierlippendichtung-fuer-stehlagergehaeuse/200tsn-528-l-1893642
https://www.ludwigmeister.de/produkte/gehaeusezubehoer/52162	https://www.ludwigmeister.de/artikel/gehaeusezubehoer/52162/skf-festringe/200frb-10-120-1185044
https://www.ludwigmeister.de/produkte/gehaeusezubehoer/52162	https://www.ludwigmeister.de/artikel/gehaeusezubehoer/52162/skf-festringe/200frb-8-80-1007148
https://www.ludwigmeister.de/produkte/gehaeusezubehoer/52162	https://www.ludwigmeister.de/artikel/gehaeusezubehoer/52162/skf-festringe/200frb-10-100-1006374
https://www.ludwigmeister.de/produkte/gehaeusezubehoer/52162	https://www.ludwigmeister.de/artikel/gehaeusezubehoer/52162/skf-labyrinthdichtung-fuer-stehlagergehaeuse/200tsn-511-s-1006676
https://www.ludwigmeister.de/produkte/gehaeusezubehoer/52162	https://www.ludwigmeister.de/artikel/gehaeusezubehoer/52162/fag-filzdichtung-fuer-stehlagergehaeuse/206fsv216-1147464
https://www.ludwigmeister.de/produkte/gehaeusezubehoer/52162	https://www.ludwigmeister.de/artikel/gehaeusezubehoer/52162/skf-filzdichtung-fuer-stehlagergehaeuse/200tsn-616-c-1202998
https://www.ludwigmeister.de/produkte/gehaeusezubehoer/52162	https://www.ludwigmeister.de/artikel/gehaeusezubehoer/52162/skf-labyrinthdichtung-fuer-stehlagergehaeuse/200tsn-518-s-1006993
https://www.ludwigmeister.de/produkte/gehaeusezubehoer/52162	https://www.ludwigmeister.de/artikel/gehaeusezubehoer/52162/skf-filzdichtung-fuer-stehlagergehaeuse/200tsn-611-c-1007133
https://www.ludwigmeister.de/produkte/gehaeusezubehoer/52162	https://www.ludwigmeister.de/artikel/gehaeusezubehoer/52162/skf-festringe/200frb-75-72-1007084
https://www.ludwigmeister.de/produkte/gehaeusezubehoer/52162	https://www.ludwigmeister.de/artikel/gehaeusezubehoer/52162/skf-filzdichtung-fuer-stehlagergehaeuse/200tsn-528-c-1007204
https://www.ludwigmeister.de/produkte/gehaeusezubehoer/52162	https://www.ludwigmeister.de/artikel/gehaeusezubehoer/52162/skf-festringe/200frb-155-130-1006623
https://www.ludwigmeister.de/produkte/gehaeusezubehoer/52162	https://www.ludwigmeister.de/artikel/gehaeusezubehoer/52162/skf-v-ringdichtung-fuer-stehlagergehaeuse/200tsn-228-a-1185307
https://www.ludwigmeister.de/produkte/gehaeusezubehoer/52162	https://www.ludwigmeister.de/artikel/gehaeusezubehoer/52162/skf-vierlippendichtung-fuer-stehlagergehaeuse/200tsn-507-l-1277302
https://www.ludwigmeister.de/produkte/gehaeusezubehoer/52162	https://www.ludwigmeister.de/artikel/gehaeusezubehoer/52162/skf-enddeckel-fuer-stehlagergehaeuse/200asnh-510-608-1007423
https://www.ludwigmeister.de/produkte/gehaeusezubehoer/52162	https://www.ludwigmeister.de/artikel/gehaeusezubehoer/52162/skf-vierlippendichtung-fuer-stehlagergehaeuse/200tsn-517-l-1274262
https://www.ludwigmeister.de/produkte/gehaeusezubehoer/52162	https://www.ludwigmeister.de/artikel/gehaeusezubehoer/52162/skf-festringe/200frb-17-290-1006616
https://www.ludwigmeister.de/produkte/gehaeusezubehoer/52162	https://www.ludwigmeister.de/artikel/gehaeusezubehoer/52162/skf-enddeckel-fuer-stehlagergehaeuse/200asnh-218-1007346
https://www.ludwigmeister.de/produkte/gehaeusezubehoer/52162	https://www.ludwigmeister.de/artikel/gehaeusezubehoer/52162/skf-festringe/200frb-55-72-1006698
https://www.ludwigmeister.de/produkte/gehaeusezubehoer/52162	https://www.ludwigmeister.de/artikel/gehaeusezubehoer/52162/skf-vierlippendichtung-fuer-stehlagergehaeuse/200tsn-228-l-1979954
https://www.ludwigmeister.de/produkte/gehaeusezubehoer/52162	https://www.ludwigmeister.de/artikel/gehaeusezubehoer/52162/fag-festringe/206frm90-10-5-1147458
https://www.ludwigmeister.de/produkte/gehaeusezubehoer/52162	https://www.ludwigmeister.de/artikel/gehaeusezubehoer/52162/skf-festringe/200frb-5-290-1006686
https://www.ludwigmeister.de/produkte/gehaeusezubehoer/52162	https://www.ludwigmeister.de/artikel/gehaeusezubehoer/52162/skf-filzdichtung-fuer-stehlagergehaeuse/200tsn-520-c-1006991
https://www.ludwigmeister.de/produkte/gehaeusezubehoer/52162	https://www.ludwigmeister.de/artikel/gehaeusezubehoer/52162/skf-festringe/200frb-10-400-1006770
https://www.ludwigmeister.de/produkte/gehaeusezubehoer/52162	https://www.ludwigmeister.de/artikel/gehaeusezubehoer/52162/skf-filzstreifen/200fs-190-1006932
https://www.ludwigmeister.de/produkte/gehaeusezubehoer/52162	https://www.ludwigmeister.de/artikel/gehaeusezubehoer/52162/skf-filzdichtung-fuer-stehlagergehaeuse/200tsn-615-c-1006900
https://www.ludwigmeister.de/produkte/gehaeusezubehoer/52162	https://www.ludwigmeister.de/artikel/gehaeusezubehoer/52162/skf-v-ringdichtung-fuer-stehlagergehaeuse/200tsn-210-a-1006596
https://www.ludwigmeister.de/produkte/gehaeusezubehoer/52162	https://www.ludwigmeister.de/artikel/gehaeusezubehoer/52162/skf-vierlippendichtung-fuer-stehlagergehaeuse/200tsn-612-l-1946888
https://www.ludwigmeister.de/produkte/gehaeusezubehoer/52162	https://www.ludwigmeister.de/artikel/gehaeusezubehoer/52162/skf-enddeckel-fuer-stehlagergehaeuse/200asnh-517-1007417
https://www.ludwigmeister.de/produkte/gehaeusezubehoer/52162	https://www.ludwigmeister.de/artikel/gehaeusezubehoer/52162/skf-festringe/200frb-35-52-1006553
https://www.ludwigmeister.de/produkte/gehaeusezubehoer/52162	https://www.ludwigmeister.de/artikel/gehaeusezubehoer/52162/skf-vierlippendichtung-fuer-stehlagergehaeuse/200tsn-615-l-1946890
https://www.ludwigmeister.de/produkte/gehaeusezubehoer/52162	https://www.ludwigmeister.de/artikel/gehaeusezubehoer/52162/skf-filzdichtung-fuer-stehlagergehaeuse/200tsn-516-c-1007061
https://www.ludwigmeister.de/produkte/gehaeusezubehoer/52162	https://www.ludwigmeister.de/artikel/gehaeusezubehoer/52162/skf-v-ringdichtung-fuer-stehlagergehaeuse/200tsn-213-a-1006598
https://www.ludwigmeister.de/produkte/gehaeusezubehoer/52162	https://www.ludwigmeister.de/artikel/gehaeusezubehoer/52162/skf-filzdichtung-fuer-stehlagergehaeuse/200tsn-517-c-1007069
https://www.ludwigmeister.de/produkte/gehaeusezubehoer/52162	https://www.ludwigmeister.de/artikel/gehaeusezubehoer/52162/skf-vierlippendichtung-fuer-stehlagergehaeuse/200tsn-607-l-2045087
https://www.ludwigmeister.de/produkte/gehaeusezubehoer/52162	https://www.ludwigmeister.de/artikel/gehaeusezubehoer/52162/skf-festringe/200frb-112-160-1006920
https://www.ludwigmeister.de/produkte/gehaeusezubehoer/52162	https://www.ludwigmeister.de/artikel/gehaeusezubehoer/52162/skf-filzdichtung-fuer-stehlagergehaeuse/200tsn-512-c-1006678
https://www.ludwigmeister.de/produkte/gehaeusezubehoer/52162	https://www.ludwigmeister.de/artikel/gehaeusezubehoer/52162/skf-festringe/200frb-162-160-1169203
https://www.ludwigmeister.de/produkte/gehaeusezubehoer/52162	https://www.ludwigmeister.de/artikel/gehaeusezubehoer/52162/skf-filzdichtung-fuer-stehlagergehaeuse/200tsn-612-c-1007130
https://www.ludwigmeister.de/produkte/gehaeusezubehoer/52162	https://www.ludwigmeister.de/artikel/gehaeusezubehoer/52162/fag-festringe/206frm150-12-5-1147215
https://www.ludwigmeister.de/produkte/gehaeusezubehoer/52162	https://www.ludwigmeister.de/artikel/gehaeusezubehoer/52162/skf-festringe/200frb-125-130-1185578
https://www.ludwigmeister.de/produkte/gehaeusezubehoer/52162	https://www.ludwigmeister.de/artikel/gehaeusezubehoer/52162/skf-filzstreifen/200fs-330-1006929
https://www.ludwigmeister.de/produkte/gehaeusezubehoer/52162	https://www.ludwigmeister.de/artikel/gehaeusezubehoer/52162/skf-enddeckel-fuer-stehlagergehaeuse/200asnh-522-619-1007266
https://www.ludwigmeister.de/produkte/gehaeusezubehoer/52162	https://www.ludwigmeister.de/artikel/gehaeusezubehoer/52162/skf-festringe/200frb-6-85-1007011
https://www.ludwigmeister.de/produkte/gehaeusezubehoer/52162	https://www.ludwigmeister.de/artikel/gehaeusezubehoer/52162/skf-festringe/200frb-6-100-1007079
https://www.ludwigmeister.de/produkte/gehaeusezubehoer/52162	https://www.ludwigmeister.de/artikel/gehaeusezubehoer/52162/skf-v-ringdichtung-fuer-stehlagergehaeuse/200tsn-512-a-1006677
https://www.ludwigmeister.de/produkte/gehaeusezubehoer/52162	https://www.ludwigmeister.de/artikel/gehaeusezubehoer/52162/fag-festringe/206frm130-12-5-1147207
https://www.ludwigmeister.de/produkte/gehaeusezubehoer/52162	https://www.ludwigmeister.de/artikel/gehaeusezubehoer/52162/skf-festringe/200frb-625-160-1007077
https://www.ludwigmeister.de/produkte/gehaeusezubehoer/52162	https://www.ludwigmeister.de/artikel/gehaeusezubehoer/52162/skf-festringe/200frb-8-130-1007152
https://www.ludwigmeister.de/produkte/gehaeusezubehoer/52162	https://www.ludwigmeister.de/artikel/gehaeusezubehoer/52162/skf-v-ringdichtung-fuer-stehlagergehaeuse/200tsn-524-a-1007059
https://www.ludwigmeister.de/produkte/gehaeusezubehoer/52162	https://www.ludwigmeister.de/artikel/gehaeusezubehoer/52162/skf-festringe/200frb-14-160-1006625
https://www.ludwigmeister.de/produkte/gehaeusezubehoer/52162	https://www.ludwigmeister.de/artikel/gehaeusezubehoer/52162/skf-festringe/200frb-5-150-1006763
https://www.ludwigmeister.de/produkte/gehaeusezubehoer/52162	https://www.ludwigmeister.de/artikel/gehaeusezubehoer/52162/skf-v-ringdichtung-fuer-stehlagergehaeuse/200tsn-620-a-1006838
https://www.ludwigmeister.de/produkte/gehaeusezubehoer/52162	https://www.ludwigmeister.de/artikel/gehaeusezubehoer/52162/skf-festringe/200frb-4-110-1006704
https://www.ludwigmeister.de/produkte/gehaeusezubehoer/52162	https://www.ludwigmeister.de/artikel/gehaeusezubehoer/52162/skf-festringe/200frb-6-62-1007078
https://www.ludwigmeister.de/produkte/gehaeusezubehoer/52162	https://www.ludwigmeister.de/artikel/gehaeusezubehoer/52162/skf-filzdichtung-fuer-stehlagergehaeuse/200tsn-530-c-1007143
https://www.ludwigmeister.de/produkte/gehaeusezubehoer/52162	https://www.ludwigmeister.de/artikel/gehaeusezubehoer/52162/fag-festringe/206frm72-8-1147451
https://www.ludwigmeister.de/produkte/gehaeusezubehoer/52162	https://www.ludwigmeister.de/artikel/gehaeusezubehoer/52162/skf-enddeckel-fuer-stehlagergehaeuse/200asnh-508-607-1007421
https://www.ludwigmeister.de/produkte/gehaeusezubehoer/52162	https://www.ludwigmeister.de/artikel/gehaeusezubehoer/52162/skf-vierlippendichtung-fuer-stehlagergehaeuse/200tsn-222-l-1894099
https://www.ludwigmeister.de/produkte/gehaeusezubehoer/52162	https://www.ludwigmeister.de/artikel/gehaeusezubehoer/52162/skf-festringe/200frb-105-80-1006369
https://www.ludwigmeister.de/produkte/gehaeusezubehoer/52162	https://www.ludwigmeister.de/artikel/gehaeusezubehoer/52162/skf-enddeckel-fuer-stehlagergehaeuse/200asnh-526-1007268
https://www.ludwigmeister.de/produkte/gehaeusezubehoer/52162	https://www.ludwigmeister.de/artikel/gehaeusezubehoer/52162/skf-filzstreifen/200fs-680-1006926
https://www.ludwigmeister.de/produkte/gehaeusezubehoer/52162	https://www.ludwigmeister.de/artikel/gehaeusezubehoer/52162/skf-v-ringdichtung-fuer-stehlagergehaeuse/200tsn-517-a-1007058
https://www.ludwigmeister.de/produkte/gehaeusezubehoer/52162	https://www.ludwigmeister.de/artikel/gehaeusezubehoer/52162/skf-vierlippendichtung-fuer-stehlagergehaeuse/200tsn-230-l-2036944
https://www.ludwigmeister.de/produkte/gehaeusezubehoer/52162	https://www.ludwigmeister.de/artikel/gehaeusezubehoer/52162/skf-v-ringdichtung-fuer-stehlagergehaeuse/200tsn-528-a-1007205
https://www.ludwigmeister.de/produkte/gehaeusezubehoer/52162	https://www.ludwigmeister.de/artikel/gehaeusezubehoer/52162/skf-festringe/200frb-5-250-1006688
https://www.ludwigmeister.de/produkte/gehaeusezubehoer/52162	https://www.ludwigmeister.de/artikel/gehaeusezubehoer/52162/fag-filzdichtung-fuer-stehlagergehaeuse/206fsv513-1215923
https://www.ludwigmeister.de/produkte/gehaeusezubehoer/52162	https://www.ludwigmeister.de/artikel/gehaeusezubehoer/52162/skf-enddeckel-fuer-stehlagergehaeuse/200asnh-512-610-1241758
https://www.ludwigmeister.de/produkte/gehaeusezubehoer/52162	https://www.ludwigmeister.de/artikel/gehaeusezubehoer/52162/skf-festringe/200frb-10-180-1006834
https://www.ludwigmeister.de/produkte/gehaeusezubehoer/52162	https://www.ludwigmeister.de/artikel/gehaeusezubehoer/52162/fag-enddeckel-fuer-stehlagergehaeuse/206dkv160-1147056
https://www.ludwigmeister.de/produkte/gehaeusezubehoer/52162	https://www.ludwigmeister.de/artikel/gehaeusezubehoer/52162/skf-vierlippendichtung-fuer-stehlagergehaeuse/200tsn-224-l-1880161
https://www.ludwigmeister.de/produkte/gehaeusezubehoer/52162	https://www.ludwigmeister.de/artikel/gehaeusezubehoer/52162/skf-festringe/200frb-9-150-1007087
https://www.ludwigmeister.de/produkte/gehaeusezubehoer/52162	https://www.ludwigmeister.de/artikel/gehaeusezubehoer/52162/skf-v-ringdichtung-fuer-stehlagergehaeuse/200tsn-316-a-1106029
https://www.ludwigmeister.de/produkte/gehaeusezubehoer/52162	https://www.ludwigmeister.de/artikel/gehaeusezubehoer/52162/fag-filzdichtung-fuer-stehlagergehaeuse/206fsv522-1215924
https://www.ludwigmeister.de/produkte/gehaeusezubehoer/52162	https://www.ludwigmeister.de/artikel/gehaeusezubehoer/52162/skf-v-ringdichtung-fuer-stehlagergehaeuse/200tsn-518-a-1007054
https://www.ludwigmeister.de/produkte/gehaeusezubehoer/52162	https://www.ludwigmeister.de/artikel/gehaeusezubehoer/52162/skf-filzdichtung-fuer-stehlagergehaeuse/200tsn-620-c-1006825
https://www.ludwigmeister.de/produkte/gehaeusezubehoer/52162	https://www.ludwigmeister.de/artikel/gehaeusezubehoer/52162/skf-enddeckel-fuer-stehlagergehaeuse/200asnh-532-1007270
https://www.ludwigmeister.de/produkte/gehaeusezubehoer/52162	https://www.ludwigmeister.de/artikel/gehaeusezubehoer/52162/skf-festringe/200frb-13-230-1006855
https://www.ludwigmeister.de/produkte/gehaeusezubehoer/52162	https://www.ludwigmeister.de/artikel/gehaeusezubehoer/52162/skf-festringe/200frb-165-150-1006621
https://www.ludwigmeister.de/produkte/gehaeusezubehoer/52162	https://www.ludwigmeister.de/artikel/gehaeusezubehoer/52162/skf-festringe/200frb-10-110-1006375
https://www.ludwigmeister.de/produkte/gehaeusezubehoer/52162	https://www.ludwigmeister.de/artikel/gehaeusezubehoer/52162/skf-enddeckel-fuer-stehlagergehaeuse/200asnh-513-611-1007425
https://www.ludwigmeister.de/produkte/gehaeusezubehoer/52162	https://www.ludwigmeister.de/artikel/gehaeusezubehoer/52162/skf-vierlippendichtung-fuer-stehlagergehaeuse/200tsn-608-l-1957343
https://www.ludwigmeister.de/produkte/gehaeusezubehoer/52162	https://www.ludwigmeister.de/artikel/gehaeusezubehoer/52162/skf-festringe/200frb-125-170-1006922
https://www.ludwigmeister.de/produkte/gehaeusezubehoer/52162	https://www.ludwigmeister.de/artikel/gehaeusezubehoer/52162/skf-festringe/200frb-10-340-1006843
https://www.ludwigmeister.de/produkte/gehaeusezubehoer/52162	https://www.ludwigmeister.de/artikel/gehaeusezubehoer/52162/skf-v-ringdichtung-fuer-stehlagergehaeuse/200tsn-509-a-1006608
https://www.ludwigmeister.de/produkte/gehaeusezubehoer/52162	https://www.ludwigmeister.de/artikel/gehaeusezubehoer/52162/skf-festringe/200frb-2-120-1006611
https://www.ludwigmeister.de/produkte/gehaeusezubehoer/52162	https://www.ludwigmeister.de/artikel/gehaeusezubehoer/52162/skf-vierlippendichtung-fuer-stehlagergehaeuse/200tsn-220-l-1935749
https://www.ludwigmeister.de/produkte/gehaeusezubehoer/52162	https://www.ludwigmeister.de/artikel/gehaeusezubehoer/52162/skf-festringe/200frb-145-170-1006765
